Name,Runtime,Notes,GPU Type,GPU Count,State,Tags,Updated,ID,User,Group,Job Type,Created,End Time,Sweep,Hostname,Description,Commit,GitHub,epochs,latent_dimension,model,ae_input_days,batch_size,checkpoint,cnn_batchnorm,dataset,learning_rate,learning_rate_style,loss,noise,noise_pct,optimiser,optimiser_hyperparams,weight_decay,best_val_loss,epoch,train_loss,val_loss,cr
exalted-spaceship-358,2482,-,NVIDIA GeForce GTX 1060 6GB,1,finished,,2022-10-06T22:16:29.000Z,1a2t2ox4,syip0005,,,2022-10-06T21:35:07.000Z,2022-10-06T22:16:29.000Z,,scott-System-Product-Name,,,https://github.com/syip0005/hybridcompression/tree/5ca9d47212e4f5be2dbc407b9aa299d360528046,1000,28,HAE2,7,512,./model_param/state_7624676.pt,TRUE,CERN3,0.001,constant,MSE,none,0.1,Adam,default,1.00E-10,0.012607233,1000,0.009606268,0.014142879,12
celestial-terrain-354,2143,-,NVIDIA GeForce GTX 1060 6GB,1,finished,,2022-10-06T20:57:39.000Z,2chtcobt,syip0005,,,2022-10-06T20:21:56.000Z,2022-10-06T20:57:39.000Z,,scott-System-Product-Name,,,https://github.com/syip0005/hybridcompression/tree/5ca9d47212e4f5be2dbc407b9aa299d360528046,1000,60,HAE2,15,512,./model_param/state_6189566.pt,TRUE,CERN3,0.001,constant,MSE,none,0.1,Adam,default,1.00E-10,0.010159414,1000,0.00611427,0.013008717,12
fancy-feather-340,1581,-,NVIDIA GeForce GTX 1060 6GB,1,finished,,2022-10-06T18:38:12.000Z,3ez7xu8h,syip0005,,,2022-10-06T18:11:51.000Z,2022-10-06T18:38:12.000Z,,scott-System-Product-Name,,,https://github.com/syip0005/hybridcompression/tree/5ca9d47212e4f5be2dbc407b9aa299d360528046,1000,16,HAE2,4,512,./model_param/state_1601865.pt,TRUE,CERN3,0.001,constant,MSE,none,0.1,Adam,default,1.00E-10,0.014318465,1000,0.012669324,0.01462589,12
denim-leaf-338,1128,-,NVIDIA GeForce GTX 1060 6GB,1,finished,,2022-10-06T18:09:29.000Z,14g1p3d5,syip0005,,,2022-10-06T17:50:41.000Z,2022-10-06T18:09:29.000Z,,scott-System-Product-Name,,,https://github.com/syip0005/hybridcompression/tree/5ca9d47212e4f5be2dbc407b9aa299d360528046,1000,32,HAE2,8,512,./model_param/state_3402210.pt,TRUE,CERN3,0.001,constant,MSE,none,0.1,Adam,default,1.00E-10,0.011918068,1000,0.009606117,0.013131327,12
autumn-thunder-336,763,-,NVIDIA GeForce GTX 1060 6GB,1,finished,,2022-10-06T17:48:51.000Z,26nlyupv,syip0005,,,2022-10-06T17:36:08.000Z,2022-10-06T17:48:51.000Z,,scott-System-Product-Name,,,https://github.com/syip0005/hybridcompression/tree/5ca9d47212e4f5be2dbc407b9aa299d360528046,1000,64,HAE2,16,512,./model_param/state_1064033.pt,TRUE,CERN3,0.001,constant,MSE,none,0.1,Adam,default,1.00E-10,0.010143118,1000,0.00627632,0.012683169,12
drawn-paper-334,594,-,NVIDIA GeForce GTX 1060 6GB,1,finished,,2022-10-06T17:34:11.000Z,1km392l9,syip0005,,,2022-10-06T17:24:17.000Z,2022-10-06T17:34:11.000Z,,scott-System-Product-Name,,,https://github.com/syip0005/hybridcompression/tree/5ca9d47212e4f5be2dbc407b9aa299d360528046,1000,96,HAE2,24,512,./model_param/state_1913791.pt,TRUE,CERN3,0.001,constant,MSE,none,0.1,Adam,default,1.00E-10,0.010624063,1000,0.004570937,0.013419229,12
hardy-wind-416,750,-,Tesla T4,2,finished,,2022-10-07T11:35:18.000Z,2alzstlm,syip0005,,,2022-10-07T11:22:48.000Z,2022-10-07T11:35:18.000Z,,m3t101,,,https://github.com/syip0005/hybridcompression/tree/cc057378f0f4c1d63c4925e1c1c8c5c8165f6629,1000,1800,HAE2,60,512,./model_param/state_6263330.pt,TRUE,DRED,0.001,constant,MSE,none,0.1,Adam,default,1.00E-10,0.004179497,1000,0.000358521,0.005017528,2
crimson-tree-413,644,-,Tesla T4,2,finished,,2022-10-07T11:12:41.000Z,3u6tizw5,syip0005,,,2022-10-07T11:01:57.000Z,2022-10-07T11:12:41.000Z,,m3t101,,,https://github.com/syip0005/hybridcompression/tree/cc057378f0f4c1d63c4925e1c1c8c5c8165f6629,1000,900,HAE2,60,512,./model_param/state_5527683.pt,TRUE,DRED,0.001,constant,MSE,none,0.1,Adam,default,1.00E-10,0.003704515,1000,0.000422191,0.00447705,4
stilted-star-410,617,-,Tesla T4,2,finished,,2022-10-07T10:53:32.000Z,uph91h2b,syip0005,,,2022-10-07T10:43:15.000Z,2022-10-07T10:53:32.000Z,,m3t101,,,https://github.com/syip0005/hybridcompression/tree/cc057378f0f4c1d63c4925e1c1c8c5c8165f6629,1000,600,HAE2,60,512,./model_param/state_8172307.pt,TRUE,DRED,0.001,constant,MSE,none,0.1,Adam,default,1.00E-10,0.003837497,1000,0.000519887,0.004153205,6
autumn-frost-407,603,-,Tesla T4,2,finished,,2022-10-07T10:35:12.000Z,1p94pz6h,syip0005,,,2022-10-07T10:25:09.000Z,2022-10-07T10:35:12.000Z,,m3t101,,,https://github.com/syip0005/hybridcompression/tree/cc057378f0f4c1d63c4925e1c1c8c5c8165f6629,1000,450,HAE2,60,512,./model_param/state_1958135.pt,TRUE,DRED,0.001,constant,MSE,none,0.1,Adam,default,1.00E-10,0.004270918,1000,0.000332525,0.0050989,8
cool-dust-404,583,-,Tesla T4,2,finished,,2022-10-07T10:17:20.000Z,sgniis1t,syip0005,,,2022-10-07T10:07:37.000Z,2022-10-07T10:17:20.000Z,,m3t101,,,https://github.com/syip0005/hybridcompression/tree/cc057378f0f4c1d63c4925e1c1c8c5c8165f6629,1000,200,HAE2,60,512,./model_param/state_6605910.pt,TRUE,DRED,0.001,constant,MSE,none,0.1,Adam,default,1.00E-10,0.004157625,1000,0.000542741,0.004510765,18
dry-sea-401,611,-,Tesla T4,2,finished,,2022-10-07T10:00:06.000Z,28wiz4y5,syip0005,,,2022-10-07T09:49:55.000Z,2022-10-07T10:00:06.000Z,,m3t101,,,https://github.com/syip0005/hybridcompression/tree/cc057378f0f4c1d63c4925e1c1c8c5c8165f6629,1000,180,HAE2,60,512,./model_param/state_2262872.pt,TRUE,DRED,0.001,constant,MSE,none,0.1,Adam,default,1.00E-10,0.003938918,1000,0.000574961,0.004171464,20
silvery-blaze-398,575,-,Tesla T4,2,finished,,2022-10-07T09:22:20.000Z,1zjsihik,syip0005,,,2022-10-07T09:12:45.000Z,2022-10-07T09:22:20.000Z,,m3t101,,,https://github.com/syip0005/hybridcompression/tree/cc057378f0f4c1d63c4925e1c1c8c5c8165f6629,1000,120,HAE2,60,512,./model_param/state_9010517.pt,TRUE,DRED,0.001,constant,MSE,none,0.1,Adam,default,1.00E-10,0.003997607,1000,0.000581206,0.004287153,30
fearless-plasma-395,577,-,Tesla T4,2,finished,,2022-10-07T09:05:21.000Z,3ky2hde4,syip0005,,,2022-10-07T08:55:44.000Z,2022-10-07T09:05:21.000Z,,m3t101,,,https://github.com/syip0005/hybridcompression/tree/cc057378f0f4c1d63c4925e1c1c8c5c8165f6629,1000,87,HAE2,60,512,./model_param/state_1673576.pt,TRUE,DRED,0.001,constant,MSE,none,0.1,Adam,default,1.00E-10,0.003743832,1000,0.000896554,0.004102143,41.37931034
confused-sunset-332,766,-,NVIDIA GeForce GTX 1060 6GB,1,finished,,2022-10-06T17:22:10.000Z,1idr5amp,syip0005,,,2022-10-06T17:09:24.000Z,2022-10-06T17:22:10.000Z,,scott-System-Product-Name,,,https://github.com/syip0005/hybridcompression/tree/5ca9d47212e4f5be2dbc407b9aa299d360528046,1000,112,HAE2,28,512,./model_param/state_7586334.pt,TRUE,CERN3,0.001,constant,MSE,none,0.1,Adam,default,1.00E-10,0.010904672,1000,0.004635419,0.013947418,12
soft-brook-330,500,-,NVIDIA GeForce GTX 1060 6GB,1,finished,,2022-10-06T17:07:51.000Z,28jkkng2,syip0005,,,2022-10-06T16:59:31.000Z,2022-10-06T17:07:51.000Z,,scott-System-Product-Name,,,https://github.com/syip0005/hybridcompression/tree/5ca9d47212e4f5be2dbc407b9aa299d360528046,1000,128,HAE2,32,512,./model_param/state_2758326.pt,TRUE,CERN3,0.001,constant,MSE,none,0.1,Adam,default,1.00E-10,0.011552144,1000,0.005476897,0.013228533,12
ruby-eon-306,1000,-,NVIDIA GeForce GTX 1060 6GB,1,finished,,2022-10-06T14:44:22.000Z,iz1dicxy,syip0005,,,2022-10-06T14:27:42.000Z,2022-10-06T14:44:22.000Z,,scott-System-Product-Name,,,https://github.com/syip0005/hybridcompression/tree/5ca9d47212e4f5be2dbc407b9aa299d360528046,1000,48,HAE2,12,512,./model_param/state_7218799.pt,TRUE,CERN3,0.001,constant,MSE,none,0.1,Adam,default,1.00E-10,0.010754129,1000,0.008028263,0.012499863,12
faithful-darkness-357,95,-,NVIDIA GeForce GTX 1060 6GB,1,finished,,2022-10-06T21:35:02.000Z,2dy4do3j,syip0005,,,2022-10-06T21:33:27.000Z,2022-10-06T21:35:02.000Z,,scott-System-Product-Name,,,https://github.com/syip0005/hybridcompression/tree/5ca9d47212e4f5be2dbc407b9aa299d360528046,1000,224,HAE2,11,512,./model_param/state_8031809.pt,TRUE,UMASS2,0.001,constant,MSE,none,0.1,Adam,default,1.00E-10,0.021542456,1000,0.020128824,0.021542456,4.714285714
giddy-pine-356,2026,-,NVIDIA GeForce GTX 1060 6GB,1,finished,,2022-10-06T21:33:22.000Z,1wzfkidk,syip0005,,,2022-10-06T20:59:36.000Z,2022-10-06T21:33:22.000Z,,scott-System-Product-Name,,,https://github.com/syip0005/hybridcompression/tree/5ca9d47212e4f5be2dbc407b9aa299d360528046,1000,112,HAE2,11,512,./model_param/state_7722568.pt,TRUE,CERN3,0.001,constant,MSE,none,0.1,Adam,default,1.00E-10,0.007238524,1000,0.003793062,0.008530594,4.714285714
golden-violet-423,819,-,Tesla T4,2,finished,,2022-10-07T12:47:06.000Z,2ponajp3,syip0005,,,2022-10-07T12:33:27.000Z,2022-10-07T12:47:06.000Z,,m3t101,,,https://github.com/syip0005/hybridcompression/tree/cc057378f0f4c1d63c4925e1c1c8c5c8165f6629,1000,1200,HAE2,240,512,./model_param/state_4742963.pt,TRUE,DRED,0.001,constant,MSE,none,0.1,Adam,default,1.00E-10,0.013732919,1000,0.001439187,0.018285466,12
magic-meadow-422,649,-,Tesla T4,2,finished,,2022-10-07T12:33:19.000Z,dqadbb1w,syip0005,,,2022-10-07T12:22:30.000Z,2022-10-07T12:33:19.000Z,,m3t101,,,https://github.com/syip0005/hybridcompression/tree/cc057378f0f4c1d63c4925e1c1c8c5c8165f6629,1000,800,HAE2,160,512,./model_param/state_3042437.pt,TRUE,DRED,0.001,constant,MSE,none,0.1,Adam,default,1.00E-10,0.015999628,1000,0.001049784,0.017702762,12
serene-shape-353,153,-,NVIDIA GeForce GTX 1060 6GB,1,finished,,2022-10-06T20:21:51.000Z,1u73l91b,syip0005,,,2022-10-06T20:19:18.000Z,2022-10-06T20:21:51.000Z,,scott-System-Product-Name,,,https://github.com/syip0005/hybridcompression/tree/5ca9d47212e4f5be2dbc407b9aa299d360528046,1000,21,HAE2,4,512,./model_param/state_6668518.pt,TRUE,UMASS2,0.001,constant,MSE,none,0.1,Adam,default,1.00E-10,0.022137037,1000,0.016796558,0.024548646,18.28571429
hardy-frost-352,1579,-,NVIDIA GeForce GTX 1060 6GB,1,finished,,2022-10-06T20:19:12.000Z,2qtqzdnj,syip0005,,,2022-10-06T19:52:53.000Z,2022-10-06T20:19:12.000Z,,scott-System-Product-Name,,,https://github.com/syip0005/hybridcompression/tree/5ca9d47212e4f5be2dbc407b9aa299d360528046,1000,10,HAE2,4,512,./model_param/state_4517987.pt,TRUE,CERN3,0.001,constant,MSE,none,0.1,Adam,default,1.00E-10,0.016801827,1000,0.015339432,0.017136427,19.2
likely-water-351,128,-,NVIDIA GeForce GTX 1060 6GB,1,finished,,2022-10-06T19:52:48.000Z,g9kvq6q3,syip0005,,,2022-10-06T19:50:40.000Z,2022-10-06T19:52:48.000Z,,scott-System-Product-Name,,,https://github.com/syip0005/hybridcompression/tree/5ca9d47212e4f5be2dbc407b9aa299d360528046,1000,42,HAE2,8,512,./model_param/state_8247287.pt,TRUE,UMASS2,0.001,constant,MSE,none,0.1,Adam,default,1.00E-10,0.021683952,1000,0.014142747,0.023673344,18.28571429
scarlet-oath-350,1127,-,NVIDIA GeForce GTX 1060 6GB,1,finished,,2022-10-06T19:50:35.000Z,19l2n1sr,syip0005,,,2022-10-06T19:31:48.000Z,2022-10-06T19:50:35.000Z,,scott-System-Product-Name,,,https://github.com/syip0005/hybridcompression/tree/5ca9d47212e4f5be2dbc407b9aa299d360528046,1000,21,HAE2,8,512,./model_param/state_8767907.pt,TRUE,CERN3,0.001,constant,MSE,none,0.1,Adam,default,1.00E-10,0.013739757,1000,0.011371254,0.014750641,18.28571429
skilled-wind-349,99,-,NVIDIA GeForce GTX 1060 6GB,1,finished,,2022-10-06T19:31:43.000Z,56fw0eoz,syip0005,,,2022-10-06T19:30:04.000Z,2022-10-06T19:31:43.000Z,,scott-System-Product-Name,,,https://github.com/syip0005/hybridcompression/tree/5ca9d47212e4f5be2dbc407b9aa299d360528046,1000,85,HAE2,16,512,./model_param/state_2742354.pt,TRUE,UMASS2,0.001,constant,MSE,none,0.1,Adam,default,1.00E-10,0.018711066,1000,0.017799938,0.018723104,18.07058824
major-shape-348,762,-,NVIDIA GeForce GTX 1060 6GB,1,finished,,2022-10-06T19:29:59.000Z,105c4fu5,syip0005,,,2022-10-06T19:17:17.000Z,2022-10-06T19:29:59.000Z,,scott-System-Product-Name,,,https://github.com/syip0005/hybridcompression/tree/5ca9d47212e4f5be2dbc407b9aa299d360528046,1000,42,HAE2,16,512,./model_param/state_2491945.pt,TRUE,CERN3,0.001,constant,MSE,none,0.1,Adam,default,1.00E-10,0.011501044,1000,0.008201131,0.013464815,18.28571429
vibrant-donkey-347,104,-,NVIDIA GeForce GTX 1060 6GB,1,finished,,2022-10-06T19:17:12.000Z,23uvnnqm,syip0005,,,2022-10-06T19:15:28.000Z,2022-10-06T19:17:12.000Z,,scott-System-Product-Name,,,https://github.com/syip0005/hybridcompression/tree/5ca9d47212e4f5be2dbc407b9aa299d360528046,1000,128,HAE2,24,512,./model_param/state_6661423.pt,TRUE,UMASS2,0.001,constant,MSE,none,0.1,Adam,default,1.00E-10,0.01783978,1000,0.016221941,0.017850868,18
neat-shape-346,591,-,NVIDIA GeForce GTX 1060 6GB,1,finished,,2022-10-06T19:15:23.000Z,2ram1bhm,syip0005,,,2022-10-06T19:05:32.000Z,2022-10-06T19:15:23.000Z,,scott-System-Product-Name,,,https://github.com/syip0005/hybridcompression/tree/5ca9d47212e4f5be2dbc407b9aa299d360528046,1000,64,HAE2,24,512,./model_param/state_9534824.pt,TRUE,CERN3,0.001,constant,MSE,none,0.1,Adam,default,1.00E-10,0.011223005,1000,0.005841431,0.013367784,18
soft-grass-345,114,-,NVIDIA GeForce GTX 1060 6GB,1,finished,,2022-10-06T19:05:27.000Z,3luee9ji,syip0005,,,2022-10-06T19:03:33.000Z,2022-10-06T19:05:27.000Z,,scott-System-Product-Name,,,https://github.com/syip0005/hybridcompression/tree/5ca9d47212e4f5be2dbc407b9aa299d360528046,1000,149,HAE2,28,512,./model_param/state_5339538.pt,TRUE,UMASS2,0.001,constant,MSE,none,0.1,Adam,default,1.00E-10,0.01765871,1000,0.014718471,0.018679928,18.04026846
playful-sky-344,763,-,NVIDIA GeForce GTX 1060 6GB,1,finished,,2022-10-06T19:03:27.000Z,222dsfuu,syip0005,,,2022-10-06T18:50:44.000Z,2022-10-06T19:03:27.000Z,,scott-System-Product-Name,,,https://github.com/syip0005/hybridcompression/tree/5ca9d47212e4f5be2dbc407b9aa299d360528046,1000,74,HAE2,28,512,./model_param/state_8530983.pt,TRUE,CERN3,0.001,constant,MSE,none,0.1,Adam,default,1.00E-10,0.011716545,1000,0.005947111,0.014221941,18.16216216
giddy-wood-343,80,-,NVIDIA GeForce GTX 1060 6GB,1,finished,,2022-10-06T18:50:39.000Z,xfuylpgv,syip0005,,,2022-10-06T18:49:19.000Z,2022-10-06T18:50:39.000Z,,scott-System-Product-Name,,,https://github.com/syip0005/hybridcompression/tree/5ca9d47212e4f5be2dbc407b9aa299d360528046,1000,170,HAE2,32,512,./model_param/state_6151954.pt,TRUE,UMASS2,0.001,constant,MSE,none,0.1,Adam,default,1.00E-10,0.015545748,1000,0.005990972,0.022709697,18.07058824
generous-dream-342,498,-,NVIDIA GeForce GTX 1060 6GB,1,finished,,2022-10-06T18:49:14.000Z,3lndqcuq,syip0005,,,2022-10-06T18:40:56.000Z,2022-10-06T18:49:14.000Z,,scott-System-Product-Name,,,https://github.com/syip0005/hybridcompression/tree/5ca9d47212e4f5be2dbc407b9aa299d360528046,1000,85,HAE2,32,512,./model_param/state_6018599.pt,TRUE,CERN3,0.001,constant,MSE,none,0.1,Adam,default,1.00E-10,0.011744873,1000,0.006835992,0.013260454,18.07058824
curious-durian-421,627,-,Tesla T4,2,finished,,2022-10-07T12:22:23.000Z,111dgwje,syip0005,,,2022-10-07T12:11:56.000Z,2022-10-07T12:22:23.000Z,,m3t101,,,https://github.com/syip0005/hybridcompression/tree/cc057378f0f4c1d63c4925e1c1c8c5c8165f6629,1000,600,HAE2,120,512,./model_param/state_7773233.pt,TRUE,DRED,0.001,constant,MSE,none,0.1,Adam,default,1.00E-10,0.006054952,1000,0.000397843,0.006852821,12
electric-violet-420,593,-,Tesla T4,2,finished,,2022-10-07T12:11:49.000Z,3aeczg78,syip0005,,,2022-10-07T12:01:56.000Z,2022-10-07T12:11:49.000Z,,m3t101,,,https://github.com/syip0005/hybridcompression/tree/cc057378f0f4c1d63c4925e1c1c8c5c8165f6629,1000,400,HAE2,80,512,./model_param/state_2394685.pt,TRUE,DRED,0.001,constant,MSE,none,0.1,Adam,default,1.00E-10,0.00521179,1000,0.0003959,0.005418231,12
dark-snowball-419,803,-,Tesla T4,2,finished,,2022-10-07T12:01:00.000Z,2tn0uejk,syip0005,,,2022-10-07T11:47:37.000Z,2022-10-07T12:01:00.000Z,,m3t101,,,https://github.com/syip0005/hybridcompression/tree/cc057378f0f4c1d63c4925e1c1c8c5c8165f6629,1000,200,HAE2,40,512,./model_param/state_9922934.pt,TRUE,DRED,0.001,constant,MSE,none,0.1,Adam,default,1.00E-10,0.003895292,1000,0.000468064,0.003919536,12
floral-pond-418,620,-,Tesla T4,2,finished,,2022-10-07T11:47:30.000Z,12mh072b,syip0005,,,2022-10-07T11:37:10.000Z,2022-10-07T11:47:30.000Z,,m3t101,,,https://github.com/syip0005/hybridcompression/tree/cc057378f0f4c1d63c4925e1c1c8c5c8165f6629,1000,100,HAE2,20,512,./model_param/state_9966063.pt,TRUE,DRED,0.001,constant,MSE,none,0.1,Adam,default,1.00E-10,0.001334992,1000,0.00039459,0.001566683,12
vivid-fire-392,592,-,Tesla T4,2,finished,,2022-10-07T08:48:23.000Z,wbkc8jol,syip0005,,,2022-10-07T08:38:31.000Z,2022-10-07T08:48:23.000Z,,m3t101,,,https://github.com/syip0005/hybridcompression/tree/cc057378f0f4c1d63c4925e1c1c8c5c8165f6629,1000,300,HAE2,60,512,./model_param/state_7437386.pt,TRUE,DRED,0.001,constant,MSE,none,0.1,Adam,default,1.00E-10,0.004056673,1000,0.000473545,0.004599842,12
clean-forest-359,138,-,NVIDIA GeForce GTX 1060 6GB,1,finished,,2022-10-06T22:18:53.000Z,107tk55k,syip0005,,,2022-10-06T22:16:35.000Z,2022-10-06T22:18:53.000Z,,scott-System-Product-Name,,,https://github.com/syip0005/hybridcompression/tree/5ca9d47212e4f5be2dbc407b9aa299d360528046,1000,56,HAE2,7,512,./model_param/state_7382557.pt,TRUE,UMASS2,0.001,constant,MSE,none,0.1,Adam,default,1.00E-10,0.021686409,1000,0.017132029,0.022339877,12
different-pond-355,105,-,NVIDIA GeForce GTX 1060 6GB,1,finished,,2022-10-06T20:59:30.000Z,dm2dc6xe,syip0005,,,2022-10-06T20:57:45.000Z,2022-10-06T20:59:30.000Z,,scott-System-Product-Name,,,https://github.com/syip0005/hybridcompression/tree/5ca9d47212e4f5be2dbc407b9aa299d360528046,1000,120,HAE2,15,512,./model_param/state_6246058.pt,TRUE,UMASS2,0.001,constant,MSE,none,0.1,Adam,default,1.00E-10,0.019687802,1000,0.01960374,0.019791137,12
glad-violet-341,153,-,NVIDIA GeForce GTX 1060 6GB,1,finished,,2022-10-06T18:40:50.000Z,3nqtk6nc,syip0005,,,2022-10-06T18:38:17.000Z,2022-10-06T18:40:50.000Z,,scott-System-Product-Name,,,https://github.com/syip0005/hybridcompression/tree/5ca9d47212e4f5be2dbc407b9aa299d360528046,1000,32,HAE2,4,512,./model_param/state_6192087.pt,TRUE,UMASS2,0.001,constant,MSE,none,0.1,Adam,default,1.00E-10,0.02153383,1000,0.017994175,0.021693436,12
treasured-paper-339,129,-,NVIDIA GeForce GTX 1060 6GB,1,finished,,2022-10-06T18:11:43.000Z,2ecadcx4,syip0005,,,2022-10-06T18:09:34.000Z,2022-10-06T18:11:43.000Z,,scott-System-Product-Name,,,https://github.com/syip0005/hybridcompression/tree/5ca9d47212e4f5be2dbc407b9aa299d360528046,1000,64,HAE2,8,512,./model_param/state_7362251.pt,TRUE,UMASS2,0.001,constant,MSE,none,0.1,Adam,default,1.00E-10,0.021680458,1000,0.011040214,0.026925365,12
vivid-darkness-337,100,-,NVIDIA GeForce GTX 1060 6GB,1,finished,,2022-10-06T17:50:36.000Z,33ox4a1l,syip0005,,,2022-10-06T17:48:56.000Z,2022-10-06T17:50:36.000Z,,scott-System-Product-Name,,,https://github.com/syip0005/hybridcompression/tree/5ca9d47212e4f5be2dbc407b9aa299d360528046,1000,128,HAE2,16,512,./model_param/state_2441517.pt,TRUE,UMASS2,0.001,constant,MSE,none,0.1,Adam,default,1.00E-10,0.018747114,1000,0.01800341,0.01877372,12
azure-waterfall-335,107,-,NVIDIA GeForce GTX 1060 6GB,1,finished,,2022-10-06T17:36:03.000Z,1e23bl4m,syip0005,,,2022-10-06T17:34:16.000Z,2022-10-06T17:36:03.000Z,,scott-System-Product-Name,,,https://github.com/syip0005/hybridcompression/tree/5ca9d47212e4f5be2dbc407b9aa299d360528046,1000,192,HAE2,24,512,./model_param/state_9664052.pt,TRUE,UMASS2,0.001,constant,MSE,none,0.1,Adam,default,1.00E-10,0.017951703,1000,0.012504126,0.022462936,12
rural-grass-333,117,-,NVIDIA GeForce GTX 1060 6GB,1,finished,,2022-10-06T17:24:12.000Z,2in5zns5,syip0005,,,2022-10-06T17:22:15.000Z,2022-10-06T17:24:12.000Z,,scott-System-Product-Name,,,https://github.com/syip0005/hybridcompression/tree/5ca9d47212e4f5be2dbc407b9aa299d360528046,1000,224,HAE2,28,512,./model_param/state_3818141.pt,TRUE,UMASS2,0.001,constant,MSE,none,0.1,Adam,default,1.00E-10,0.018105078,1000,0.009558532,0.028648322,12
lyric-smoke-329,116,-,NVIDIA GeForce GTX 1060 6GB,1,finished,,2022-10-06T16:59:26.000Z,1vihv3dz,syip0005,,,2022-10-06T16:57:30.000Z,2022-10-06T16:59:26.000Z,,scott-System-Product-Name,,,https://github.com/syip0005/hybridcompression/tree/5ca9d47212e4f5be2dbc407b9aa299d360528046,1000,14,HAE2,12,512,./model_param/state_3585815.pt,TRUE,UMASS2,0.001,constant,MSE,none,0.1,Adam,default,1.00E-10,0.019367771,1000,0.018704494,0.019367771,82.28571429
helpful-surf-328,115,-,NVIDIA GeForce GTX 1060 6GB,1,finished,,2022-10-06T16:57:25.000Z,2d8dno5s,syip0005,,,2022-10-06T16:55:30.000Z,2022-10-06T16:57:25.000Z,,scott-System-Product-Name,,,https://github.com/syip0005/hybridcompression/tree/5ca9d47212e4f5be2dbc407b9aa299d360528046,1000,19,HAE2,12,512,./model_param/state_4162853.pt,TRUE,UMASS2,0.001,constant,MSE,none,0.1,Adam,default,1.00E-10,0.019515241,1000,0.018801326,0.019545935,60.63157895
elated-frost-327,114,-,NVIDIA GeForce GTX 1060 6GB,1,finished,,2022-10-06T16:55:24.000Z,2t8rgtx1,syip0005,,,2022-10-06T16:53:30.000Z,2022-10-06T16:55:24.000Z,,scott-System-Product-Name,,,https://github.com/syip0005/hybridcompression/tree/5ca9d47212e4f5be2dbc407b9aa299d360528046,1000,28,HAE2,12,512,./model_param/state_1640854.pt,TRUE,UMASS2,0.001,constant,MSE,none,0.1,Adam,default,1.00E-10,0.020075472,1000,0.019403065,0.020078409,41.14285714
polished-yogurt-326,115,-,NVIDIA GeForce GTX 1060 6GB,1,finished,,2022-10-06T16:53:25.000Z,324pn1sj,syip0005,,,2022-10-06T16:51:30.000Z,2022-10-06T16:53:25.000Z,,scott-System-Product-Name,,,https://github.com/syip0005/hybridcompression/tree/5ca9d47212e4f5be2dbc407b9aa299d360528046,1000,32,HAE2,12,512,./model_param/state_8371064.pt,TRUE,UMASS2,0.001,constant,MSE,none,0.1,Adam,default,1.00E-10,0.019464642,1000,0.018416692,0.019483903,36
earnest-field-325,114,-,NVIDIA GeForce GTX 1060 6GB,1,finished,,2022-10-06T16:51:25.000Z,1en96ckh,syip0005,,,2022-10-06T16:49:31.000Z,2022-10-06T16:51:25.000Z,,scott-System-Product-Name,,,https://github.com/syip0005/hybridcompression/tree/5ca9d47212e4f5be2dbc407b9aa299d360528046,1000,38,HAE2,12,512,./model_param/state_3077259.pt,TRUE,UMASS2,0.001,constant,MSE,none,0.1,Adam,default,1.00E-10,0.019786887,1000,0.019238913,0.019816129,30.31578947
ancient-serenity-324,114,-,NVIDIA GeForce GTX 1060 6GB,1,finished,,2022-10-06T16:49:25.000Z,3np7ks5i,syip0005,,,2022-10-06T16:47:31.000Z,2022-10-06T16:49:25.000Z,,scott-System-Product-Name,,,https://github.com/syip0005/hybridcompression/tree/5ca9d47212e4f5be2dbc407b9aa299d360528046,1000,44,HAE2,12,512,./model_param/state_3470728.pt,TRUE,UMASS2,0.001,constant,MSE,none,0.1,Adam,default,1.00E-10,0.020863207,1000,0.019883109,0.020918809,26.18181818
rosy-glade-323,115,-,NVIDIA GeForce GTX 1060 6GB,1,finished,,2022-10-06T16:47:25.000Z,2zs302tq,syip0005,,,2022-10-06T16:45:30.000Z,2022-10-06T16:47:25.000Z,,scott-System-Product-Name,,,https://github.com/syip0005/hybridcompression/tree/5ca9d47212e4f5be2dbc407b9aa299d360528046,1000,48,HAE2,12,512,./model_param/state_7537529.pt,TRUE,UMASS2,0.001,constant,MSE,none,0.1,Adam,default,1.00E-10,0.019914454,1000,0.019896919,0.01991695,24
zany-rain-322,115,-,NVIDIA GeForce GTX 1060 6GB,1,finished,,2022-10-06T16:45:25.000Z,159zgmhw,syip0005,,,2022-10-06T16:43:30.000Z,2022-10-06T16:45:25.000Z,,scott-System-Product-Name,,,https://github.com/syip0005/hybridcompression/tree/5ca9d47212e4f5be2dbc407b9aa299d360528046,1000,52,HAE2,12,512,./model_param/state_1352047.pt,TRUE,UMASS2,0.001,constant,MSE,none,0.1,Adam,default,1.00E-10,0.019779956,1000,0.019389046,0.019794796,22.15384615
logical-star-321,114,-,NVIDIA GeForce GTX 1060 6GB,1,finished,,2022-10-06T16:43:25.000Z,2wpdunqn,syip0005,,,2022-10-06T16:41:31.000Z,2022-10-06T16:43:25.000Z,,scott-System-Product-Name,,,https://github.com/syip0005/hybridcompression/tree/5ca9d47212e4f5be2dbc407b9aa299d360528046,1000,57,HAE2,12,512,./model_param/state_6176479.pt,TRUE,UMASS2,0.001,constant,MSE,none,0.1,Adam,default,1.00E-10,0.020992275,1000,0.020292837,0.021027919,20.21052632
icy-smoke-320,116,-,NVIDIA GeForce GTX 1060 6GB,1,finished,,2022-10-06T16:41:26.000Z,ts12371l,syip0005,,,2022-10-06T16:39:30.000Z,2022-10-06T16:41:26.000Z,,scott-System-Product-Name,,,https://github.com/syip0005/hybridcompression/tree/5ca9d47212e4f5be2dbc407b9aa299d360528046,1000,64,HAE2,12,512,./model_param/state_8891287.pt,TRUE,UMASS2,0.001,constant,MSE,none,0.1,Adam,default,1.00E-10,0.020285167,1000,0.020091582,0.020285167,18
stoic-glade-319,116,-,NVIDIA GeForce GTX 1060 6GB,1,finished,,2022-10-06T16:39:25.000Z,2tpkj3ay,syip0005,,,2022-10-06T16:37:29.000Z,2022-10-06T16:39:25.000Z,,scott-System-Product-Name,,,https://github.com/syip0005/hybridcompression/tree/5ca9d47212e4f5be2dbc407b9aa299d360528046,1000,72,HAE2,12,512,./model_param/state_4710758.pt,TRUE,UMASS2,0.001,constant,MSE,none,0.1,Adam,default,1.00E-10,0.020355344,1000,0.020310596,0.020355344,16
pretty-dawn-318,114,-,NVIDIA GeForce GTX 1060 6GB,1,finished,,2022-10-06T16:37:23.000Z,3sgfcc1h,syip0005,,,2022-10-06T16:35:29.000Z,2022-10-06T16:37:23.000Z,,scott-System-Product-Name,,,https://github.com/syip0005/hybridcompression/tree/5ca9d47212e4f5be2dbc407b9aa299d360528046,1000,82,HAE2,12,512,./model_param/state_9697807.pt,TRUE,UMASS2,0.001,constant,MSE,none,0.1,Adam,default,1.00E-10,0.020259066,1000,0.019692117,0.020265192,14.04878049
glamorous-totem-331,82,-,NVIDIA GeForce GTX 1060 6GB,1,finished,,2022-10-06T17:09:19.000Z,ba2a8ecq,syip0005,,,2022-10-06T17:07:57.000Z,2022-10-06T17:09:19.000Z,,scott-System-Product-Name,,,https://github.com/syip0005/hybridcompression/tree/5ca9d47212e4f5be2dbc407b9aa299d360528046,1000,256,HAE2,32,512,./model_param/state_6079649.pt,TRUE,UMASS2,0.001,constant,MSE,none,0.1,Adam,default,1.00E-10,0.015542144,1000,0.009255091,0.018674955,12
earthy-glade-316,118,-,NVIDIA GeForce GTX 1060 6GB,1,finished,,2022-10-06T16:33:22.000Z,1fz6wdet,syip0005,,,2022-10-06T16:31:24.000Z,2022-10-06T16:33:22.000Z,,scott-System-Product-Name,,,https://github.com/syip0005/hybridcompression/tree/5ca9d47212e4f5be2dbc407b9aa299d360528046,1000,144,HAE2,12,512,./model_param/state_1082858.pt,TRUE,UMASS2,0.001,constant,MSE,none,0.1,Adam,default,1.00E-10,0.020179095,1000,0.019447146,0.020179978,8
autumn-star-315,119,-,NVIDIA GeForce GTX 1060 6GB,1,finished,,2022-10-06T16:31:19.000Z,2kym8rb3,syip0005,,,2022-10-06T16:29:20.000Z,2022-10-06T16:31:19.000Z,,scott-System-Product-Name,,,https://github.com/syip0005/hybridcompression/tree/5ca9d47212e4f5be2dbc407b9aa299d360528046,1000,192,HAE2,12,512,./model_param/state_3700541.pt,TRUE,UMASS2,0.001,constant,MSE,none,0.1,Adam,default,1.00E-10,0.020218955,1000,0.020074306,0.020218955,6
pious-water-314,120,-,NVIDIA GeForce GTX 1060 6GB,1,finished,,2022-10-06T16:29:15.000Z,1cpgs82y,syip0005,,,2022-10-06T16:27:15.000Z,2022-10-06T16:29:15.000Z,,scott-System-Product-Name,,,https://github.com/syip0005/hybridcompression/tree/5ca9d47212e4f5be2dbc407b9aa299d360528046,1000,288,HAE2,12,512,./model_param/state_1023038.pt,TRUE,UMASS2,0.001,constant,MSE,none,0.1,Adam,default,1.00E-10,0.019929728,1000,0.018730002,0.019960573,4
clear-blaze-313,134,-,NVIDIA GeForce GTX 1060 6GB,1,finished,,2022-10-06T16:27:10.000Z,i7dle764,syip0005,,,2022-10-06T16:24:56.000Z,2022-10-06T16:27:10.000Z,,scott-System-Product-Name,,,https://github.com/syip0005/hybridcompression/tree/5ca9d47212e4f5be2dbc407b9aa299d360528046,1000,576,HAE2,12,512,./model_param/state_7256862.pt,TRUE,UMASS2,0.001,constant,MSE,none,0.1,Adam,default,1.00E-10,0.020114247,1000,0.019585285,0.020114247,2
divine-frog-312,999,-,NVIDIA GeForce GTX 1060 6GB,1,finished,,2022-10-06T16:24:51.000Z,5whdsgg4,syip0005,,,2022-10-06T16:08:12.000Z,2022-10-06T16:24:51.000Z,,scott-System-Product-Name,,,https://github.com/syip0005/hybridcompression/tree/5ca9d47212e4f5be2dbc407b9aa299d360528046,1000,14,HAE2,12,512,./model_param/state_5963348.pt,TRUE,CERN3,0.001,constant,MSE,none,0.1,Adam,default,1.00E-10,0.014358414,1000,0.012358371,0.015418316,41.14285714
charmed-wildflower-311,998,-,NVIDIA GeForce GTX 1060 6GB,1,finished,,2022-10-06T16:08:06.000Z,ubaidlai,syip0005,,,2022-10-06T15:51:28.000Z,2022-10-06T16:08:06.000Z,,scott-System-Product-Name,,,https://github.com/syip0005/hybridcompression/tree/5ca9d47212e4f5be2dbc407b9aa299d360528046,1000,19,HAE2,12,512,./model_param/state_1815107.pt,TRUE,CERN3,0.001,constant,MSE,none,0.1,Adam,default,1.00E-10,0.013642165,1000,0.011262885,0.015292971,30.31578947
wild-violet-310,999,-,NVIDIA GeForce GTX 1060 6GB,1,finished,,2022-10-06T15:51:23.000Z,2eab2spg,syip0005,,,2022-10-06T15:34:44.000Z,2022-10-06T15:51:23.000Z,,scott-System-Product-Name,,,https://github.com/syip0005/hybridcompression/tree/5ca9d47212e4f5be2dbc407b9aa299d360528046,1000,28,HAE2,12,512,./model_param/state_9622648.pt,TRUE,CERN3,0.001,constant,MSE,none,0.1,Adam,default,1.00E-10,0.012597081,1000,0.010204944,0.013699054,20.57142857
treasured-spaceship-309,1000,-,NVIDIA GeForce GTX 1060 6GB,1,finished,,2022-10-06T15:34:39.000Z,17ns5dkg,syip0005,,,2022-10-06T15:17:59.000Z,2022-10-06T15:34:39.000Z,,scott-System-Product-Name,,,https://github.com/syip0005/hybridcompression/tree/5ca9d47212e4f5be2dbc407b9aa299d360528046,1000,32,HAE2,12,512,./model_param/state_1325732.pt,TRUE,CERN3,0.001,constant,MSE,none,0.1,Adam,default,1.00E-10,0.012024632,1000,0.009392879,0.013569165,18
atomic-lion-308,1000,-,NVIDIA GeForce GTX 1060 6GB,1,finished,,2022-10-06T15:17:54.000Z,2xxccsnc,syip0005,,,2022-10-06T15:01:14.000Z,2022-10-06T15:17:54.000Z,,scott-System-Product-Name,,,https://github.com/syip0005/hybridcompression/tree/5ca9d47212e4f5be2dbc407b9aa299d360528046,1000,38,HAE2,12,512,./model_param/state_8554880.pt,TRUE,CERN3,0.001,constant,MSE,none,0.1,Adam,default,1.00E-10,0.011563796,1000,0.008706851,0.013289158,15.15789474
flowing-voice-307,1001,-,NVIDIA GeForce GTX 1060 6GB,1,finished,,2022-10-06T15:01:09.000Z,3hy18rpe,syip0005,,,2022-10-06T14:44:28.000Z,2022-10-06T15:01:09.000Z,,scott-System-Product-Name,,,https://github.com/syip0005/hybridcompression/tree/5ca9d47212e4f5be2dbc407b9aa299d360528046,1000,44,HAE2,12,512,./model_param/state_1693636.pt,TRUE,CERN3,0.001,constant,MSE,none,0.1,Adam,default,1.00E-10,0.011162613,1000,0.008017517,0.013270625,13.09090909
charmed-serenity-317,117,-,NVIDIA GeForce GTX 1060 6GB,1,finished,,2022-10-06T16:35:24.000Z,3jmt29fd,syip0005,,,2022-10-06T16:33:27.000Z,2022-10-06T16:35:24.000Z,,scott-System-Product-Name,,,https://github.com/syip0005/hybridcompression/tree/5ca9d47212e4f5be2dbc407b9aa299d360528046,1000,96,HAE2,12,512,./model_param/state_3995498.pt,TRUE,UMASS2,0.001,constant,MSE,none,0.1,Adam,default,1.00E-10,0.020075286,1000,0.020193402,0.020075286,12
stoic-hill-305,1000,-,NVIDIA GeForce GTX 1060 6GB,1,finished,,2022-10-06T14:27:36.000Z,2fgcrntt,syip0005,,,2022-10-06T14:10:56.000Z,2022-10-06T14:27:36.000Z,,scott-System-Product-Name,,,https://github.com/syip0005/hybridcompression/tree/5ca9d47212e4f5be2dbc407b9aa299d360528046,1000,52,HAE2,12,512,./model_param/state_7239598.pt,TRUE,CERN3,0.001,constant,MSE,none,0.1,Adam,default,1.00E-10,0.010492896,1000,0.007211546,0.012399611,11.07692308
fanciful-wave-304,1001,-,NVIDIA GeForce GTX 1060 6GB,1,finished,,2022-10-06T14:10:50.000Z,18j68xxt,syip0005,,,2022-10-06T13:54:09.000Z,2022-10-06T14:10:50.000Z,,scott-System-Product-Name,,,https://github.com/syip0005/hybridcompression/tree/5ca9d47212e4f5be2dbc407b9aa299d360528046,1000,57,HAE2,12,512,./model_param/state_6282457.pt,TRUE,CERN3,0.001,constant,MSE,none,0.1,Adam,default,1.00E-10,0.010129266,1000,0.007018601,0.011944986,10.10526316
driven-wood-303,1002,-,NVIDIA GeForce GTX 1060 6GB,1,finished,,2022-10-06T13:54:04.000Z,3bhqharg,syip0005,,,2022-10-06T13:37:22.000Z,2022-10-06T13:54:04.000Z,,scott-System-Product-Name,,,https://github.com/syip0005/hybridcompression/tree/5ca9d47212e4f5be2dbc407b9aa299d360528046,1000,64,HAE2,12,512,./model_param/state_9894607.pt,TRUE,CERN3,0.001,constant,MSE,none,0.1,Adam,default,1.00E-10,0.009534691,1000,0.006647569,0.011347649,9
rural-snow-302,1002,-,NVIDIA GeForce GTX 1060 6GB,1,finished,,2022-10-06T13:37:17.000Z,21a21y3k,syip0005,,,2022-10-06T13:20:35.000Z,2022-10-06T13:37:17.000Z,,scott-System-Product-Name,,,https://github.com/syip0005/hybridcompression/tree/5ca9d47212e4f5be2dbc407b9aa299d360528046,1000,72,HAE2,12,512,./model_param/state_9563937.pt,TRUE,CERN3,0.001,constant,MSE,none,0.1,Adam,default,1.00E-10,0.009265549,1000,0.005795964,0.011244926,8
soft-grass-301,1003,-,NVIDIA GeForce GTX 1060 6GB,1,finished,,2022-10-06T13:20:30.000Z,nlwgohfd,syip0005,,,2022-10-06T13:03:47.000Z,2022-10-06T13:20:30.000Z,,scott-System-Product-Name,,,https://github.com/syip0005/hybridcompression/tree/5ca9d47212e4f5be2dbc407b9aa299d360528046,1000,82,HAE2,12,512,./model_param/state_3003716.pt,TRUE,CERN3,0.001,constant,MSE,none,0.1,Adam,default,1.00E-10,0.008411451,1000,0.005595291,0.0102791,7.024390244
spring-deluge-300,1003,-,NVIDIA GeForce GTX 1060 6GB,1,finished,,2022-10-06T13:03:42.000Z,3ppekb92,syip0005,,,2022-10-06T12:46:59.000Z,2022-10-06T13:03:42.000Z,,scott-System-Product-Name,,,https://github.com/syip0005/hybridcompression/tree/5ca9d47212e4f5be2dbc407b9aa299d360528046,1000,96,HAE2,12,512,./model_param/state_9474633.pt,TRUE,CERN3,0.001,constant,MSE,none,0.1,Adam,default,1.00E-10,0.007999212,1000,0.004605079,0.010097669,6
divine-cherry-299,1010,-,NVIDIA GeForce GTX 1060 6GB,1,finished,,2022-10-06T12:46:54.000Z,3qnu4ta4,syip0005,,,2022-10-06T12:30:04.000Z,2022-10-06T12:46:54.000Z,,scott-System-Product-Name,,,https://github.com/syip0005/hybridcompression/tree/5ca9d47212e4f5be2dbc407b9aa299d360528046,1000,144,HAE2,12,512,./model_param/state_7869048.pt,TRUE,CERN3,0.001,constant,MSE,none,0.1,Adam,default,1.00E-10,0.006387106,1000,0.002809268,0.007947473,4
lucky-yogurt-298,1019,-,NVIDIA GeForce GTX 1060 6GB,1,finished,,2022-10-06T12:29:58.000Z,1fd2dwgz,syip0005,,,2022-10-06T12:12:59.000Z,2022-10-06T12:29:58.000Z,,scott-System-Product-Name,,,https://github.com/syip0005/hybridcompression/tree/5ca9d47212e4f5be2dbc407b9aa299d360528046,1000,192,HAE2,12,512,./model_param/state_9823125.pt,TRUE,CERN3,0.001,constant,MSE,none,0.1,Adam,default,1.00E-10,0.006200828,1000,0.002030218,0.006769343,3
royal-breeze-297,1020,-,NVIDIA GeForce GTX 1060 6GB,1,finished,,2022-10-06T12:12:53.000Z,2vbuxqvd,syip0005,,,2022-10-06T11:55:53.000Z,2022-10-06T12:12:53.000Z,,scott-System-Product-Name,,,https://github.com/syip0005/hybridcompression/tree/5ca9d47212e4f5be2dbc407b9aa299d360528046,1000,288,HAE2,12,512,./model_param/state_5353494.pt,TRUE,CERN3,0.001,constant,MSE,none,0.1,Adam,default,1.00E-10,0.006135839,1000,0.001591144,0.006459679,2
winter-totem-296,1053,-,NVIDIA GeForce GTX 1060 6GB,1,finished,,2022-10-06T11:55:45.000Z,1cqgcnx0,syip0005,,,2022-10-06T11:38:12.000Z,2022-10-06T11:55:45.000Z,,scott-System-Product-Name,,,https://github.com/syip0005/hybridcompression/tree/5ca9d47212e4f5be2dbc407b9aa299d360528046,1000,576,HAE2,12,512,./model_param/state_8552842.pt,TRUE,CERN3,0.001,constant,MSE,none,0.1,Adam,default,1.00E-10,0.006275954,1000,0.001891871,0.006618814,1
